{
    "TR: 1": {
        "In Bewegung (leer)": 13829.666666619938,
        "Be- und Entladen": 23562.00000009968,
        "In Bewegung (beladen)": 11248.999999949549,
        "Wartend": 37624.33333333072
    }
}